{
  "Ski" :{
    "Twintip" : {
      "T001" : {
        "type" : "Twintip",
        "lengde" :170,
        "bilde" : "bilder/revolt.jpg",
        "farge1" : "Gul",
        "farge2" : "Svart",
        "merke" : "VOLKL",
        "navn" : " Revolt",
        "pris" :5900
      },
      "T002" : {
        "type" : "Twintip",
        "lengde" :169,
        "bilde" : "bilder/volkl-wall.jpg",
        "farge1" : "Svart",
        "farge2" : "Orange",
        "merke" : "VOLKL",
        "navn" : " Wall",
        "pris" : 4000
      },
      "T003" : {
        "type" : "Twintip",
        "lengde" :160,
        "bilde" : "bilder/volkl-vta80.jpg",
        "farge1" : "Hvit",
        "farge2" : "Blå",
        "merke" : "VOLKL",
        "navn" : " VTA80",
        "pris" :2900
      },
      "T004" : {
        "type" : "Twintip",
        "lengde" :150,
        "bilde" : "bilder/transfer.jpg",
        "farge1" : "Gul",
        "farge2" : "Sort",
        "merke" : "VOLKL",
        "navn" : "Transfer",
        "pris" :1500
      },
      "T005" : {
        "type" : "Twintip",
        "lengde" :170,
        "bilde" : "bilder/remedy.jpg",
        "farge1" : "sort",
        "farge2" : "blå",
        "merke" : "K2",
        "navn" : "Remedy",
        "pris" :3000
      },
      "T006" : {
        "type" : "Twintip",
        "lengde" :160,
        "bilde" : "bilder/pinnacle.jpg",
        "farge1" : "Orange",
        "farge2" : "Svart",
        "merke" : "K2",
        "navn" : "Pinnacle",
        "pris" : 5000
      },
      "T007" : {
        "type" : "Twintip",
        "lengde" :170,
        "bilde" : "bilder/k2-catamaran.jpg",
        "farge1" : "Hvit",
        "farge2" : "Svart",
        "merke" : "K2",
        "navn" : "Catamaran",
        "pris" :3900
      },
      "T008" : {
        "type" : "Twintip",
        "lengde" :150,
        "bilde" : "bilder/HeadFramewall.jpg.png",
        "farge1" : "Svart",
        "farge2" : "Gul",
        "merke" : "HEAD",
        "navn" : "Framewall",
        "pris" :3000
      },
      "T009" : {
        "type" : "Twintip",
        "lengde" :167,
        "bilde" : "bilder/head-show.jpg",
        "farge1" : "Blå",
        "farge2" : "Svart",
        "merke" : "HEAD",
        "navn" : "The Show Skis",
        "pris" :2500
      },
      "T010" : {
        "type" : "Twintip",
        "lengde" :170,
        "bilde" : "bilder/HeadCaddy.jpg.png",
        "farge1" : "Blå",
        "farge2" : "Svart",
        "merke" : "HEAD",
        "navn" : "Caddy",
        "pris" :4000
      }
    },

    "Brett" : {
      "B001" : {
        "type" : "Brett",
        "lengde" :140,
        "bilde" : "bilder/Head-Rush.jpg",
        "farge1" : "Sort",
        "farge2" : "Hvit",
        "merke" : "HEAD",
        "navn" : "Head Rush ",
        "pris" :1800
      },
      "B002" : {
        "type" : "Brett",
        "lengde" :156,
        "bilde" : "bilder/Head-exs.jpg",
        "farge1" : "Gul",
        "farge2" : "Sort",
        "merke" : "HEAD",
        "navn" : "Head exclusive",
        "pris" : 1800
      },
      "B003" : {
        "type" : "Brett",
        "lengde" :160,
        "bilde" : "bilder/Grom.jpg",
        "farge1" : "Grå",
        "farge2" : "Grønn",
        "merke" : "VILLAIN",
        "navn" : "Villian Grom",
        "pris" : 4500
      },
      "B004" : {
        "type" : "Brett",
        "lengde" :170,
        "bilde" : "bilder/Grace.jpg",
        "farge1" : "Svart",
        "farge2" : "Hvit",
        "merke" : "SALOMON",
        "navn" : "Salomon Grace",
        "pris" : 4000
      },
      "B005" : {
        "type" : "Brett",
        "lengde" :150,
        "bilde" : "bilder/custom.jpg",
        "farge1" : "Grå",
        "farge2" : "Hvit",
        "merke" : "BURTON",
        "navn" : "Butron Custom",
        "pris" : 2900
      }

  }
}
}
